{"cameraMode":{"drawMode":0,"name":"Shaded","section":"Shading Mode"},"sceneLighting":false,"audioPlay":false,"sceneViewState":{"showFog":true,"showMaterialUpdate":false,"showSkybox":false,"showFlares":true,"showImageEffects":true,"showParticleSystems":true},"in2DMode":false,"pivot":{"x":0.643410325050354,"y":-0.8641293048858643,"z":-2.4337005615234377},"rotation":{"x":-0.036481257528066638,"y":0.8800004720687866,"z":-0.46860143542289736,"w":-0.06851355731487274},"size":3.0286669731140138,"orthographic":false}