{"cameraMode":{"drawMode":0,"name":"Shaded","section":"Shading Mode"},"sceneLighting":true,"audioPlay":false,"sceneViewState":{"showFog":true,"showMaterialUpdate":false,"showSkybox":true,"showFlares":true,"showImageEffects":true,"showParticleSystems":true},"in2DMode":false,"pivot":{"x":-12.264896392822266,"y":-3.695760488510132,"z":-6.648143291473389},"rotation":{"x":-0.09800542891025543,"y":0.7885850071907044,"z":-0.130343958735466,"w":-0.5929155349731445},"size":8.929665565490723,"orthographic":false}