{"cameraMode":{"drawMode":0,"name":"Shaded","section":"Shading Mode"},"sceneLighting":true,"audioPlay":false,"sceneViewState":{"showFog":true,"showMaterialUpdate":false,"showSkybox":true,"showFlares":true,"showImageEffects":true,"showParticleSystems":true},"in2DMode":false,"pivot":{"x":-2.7832980155944826,"y":-2.965341567993164,"z":1.1532783508300782},"rotation":{"x":-0.4162101745605469,"y":-0.011731111444532872,"z":0.0053717875853180889,"w":-0.9091820120811462},"size":9.068344116210938,"orthographic":false}