{"cameraMode":{"drawMode":0,"name":"Shaded","section":"Shading Mode"},"sceneLighting":true,"audioPlay":false,"sceneViewState":{"showFog":true,"showMaterialUpdate":false,"showSkybox":true,"showFlares":true,"showImageEffects":true,"showParticleSystems":true},"in2DMode":false,"pivot":{"x":-28.539152145385743,"y":-8.82511043548584,"z":-15.769492149353028},"rotation":{"x":0.08583126217126847,"y":-0.8490464687347412,"z":0.1455841064453125,"w":0.5006601810455322},"size":22.571529388427736,"orthographic":false}